{
  "shape": [
    65,
    7
  ],
  "data_type": "float32",
  "chunk_grid": {
    "name": "regular",
    "configuration": {
      "chunk_shape": [
        260,
        7
      ]
    }
  },
  "chunk_key_encoding": {
    "name": "default",
    "configuration": {
      "separator": "/"
    }
  },
  "fill_value": 0.0,
  "codecs": [
    {
      "name": "sharding_indexed",
      "configuration": {
        "chunk_shape": [
          65,
          7
        ],
        "codecs": [
          {
            "name": "bytes",
            "configuration": {
              "endian": "little"
            }
          },
          {
            "name": "blosc",
            "configuration": {
              "typesize": 4,
              "cname": "zstd",
              "clevel": 3,
              "shuffle": "shuffle",
              "blocksize": 0
            }
          }
        ],
        "index_codecs": [
          {
            "name": "bytes",
            "configuration": {
              "endian": "little"
            }
          },
          {
            "name": "crc32c"
          }
        ],
        "index_location": "end"
      }
    }
  ],
  "attributes": {},
  "zarr_format": 3,
  "node_type": "array",
  "storage_transformers": []
}